mutant,outer_test_fold
S319E,1
S154C,1
H286Y,1
P161L,1
V288A,1
Y347A,1
D31P,1
V137I,1
D372F,1
M407Q,1
I95F,1
S162A,1
T37M,2
F360L,2
F409V,2
D315A,2
Y374F,2
I382T,2
L308I,2
F409E,2
L379Q,2
L389I,2
K412E,2
S33A,2
V288E,2
A380G,3
P161F,3
T343Y,3
T413S,3
A289V,3
L379M,3
D168H,3
M157I,3
M402F,3
C26L,3
V153I,3
I416L,3
P36D,3
M402A,4
K30A,4
A163G,4
A380E,4
M407I,4
Y39M,4
K412Q,4
V135L,4
N24S,4
T35F,4
H165M,4
P36N,4
S406G,4
E312S,5
K30Q,5
I136V,5
H419P,5
I38V,5
W170F,5
F414Y,5
E312V,5
D168N,5
H286L,5
M157V,5
I309V,5
