mutant,relative_activity_percent_wt,relative_activity_wt
M402A,104,1.04
K30A,232,2.32
T37M,11,0.11
F360L,58,0.58
S319E,96,0.96
F409V,54,0.54
E312S,106,1.06
D315A,135,1.35
S154C,70,0.7
K30Q,239,2.39
A380G,30,0.3
H286Y,91,0.91
Y374F,31,0.31
I136V,89,0.89
P161F,43,0.43
P161L,36,0.36
I382T,13,0.13
H419P,100,1.0
L308I,65,0.65
I38V,76,0.76
A163G,97,0.97
W170F,70,0.7
A380E,4,0.04
T343Y,118,1.18
V288A,20,0.2
T413S,69,0.69
A289V,54,0.54
F414Y,66,0.66
M407I,98,0.98
L379M,136,1.36
D168H,58,0.58
M157I,127,1.27
F409E,68,0.68
L379Q,108,1.08
Y39M,26,0.26
Y347A,37,0.37
K412Q,8,0.08
E312V,181,1.81
V135L,111,1.11
D31P,23,0.23
M402F,122,1.22
D168N,99,0.99
N24S,77,0.77
V137I,94,0.94
T35F,12,0.12
C26L,17,0.17
L389I,69,0.69
H165M,111,1.11
K412E,14,0.14
S33A,129,1.29
H286L,58,0.58
D372F,129,1.29
M157V,65,0.65
V288E,13,0.13
V153I,104,1.04
M407Q,61,0.61
P36N,25,0.25
I95F,125,1.25
I416L,119,1.19
P36D,23,0.23
S162A,101,1.01
S406G,77,0.77
I309V,94,0.94
